,City,Lat,Lng,Max Temp,Humidity,Cloudiness,Wind Speed,Country,Date
0,Saint-Philippe,-21.36,55.77,79.0,65,75,21.92,RE,1609257532
1,Hamilton,39.18,-84.53,33.01,63,75,6.93,US,1609257319
2,Skagen,57.72,10.58,41.0,91,100,11.99,DK,1609257534
3,Nchelenge,-9.35,28.73,74.07,78,99,0.36,ZM,1609257535
4,Ribeira Grande,38.52,-28.7,59.0,58,40,16.11,PT,1609257536
5,Puerto Ayora,-0.74,-90.35,78.8,69,75,16.11,EC,1609257537
6,Udachny,66.42,112.4,-18.4,75,90,8.95,RU,1609257540
7,Macao,22.2,113.55,68.0,77,0,10.29,MO,1609257541
8,Castro,-24.79,-50.01,75.49,82,5,7.81,BR,1609257488
9,Bredasdorp,-34.53,20.04,77.0,38,0,21.92,ZA,1609257543
10,Nanortalik,60.14,-45.24,23.5,90,88,8.75,GL,1609257545
11,Mezőkeresztes,47.83,20.7,45.63,72,23,8.08,HU,1609257546
12,Yumen,40.28,97.2,6.49,85,2,16.26,CN,1609257547
13,Bafoulabé,13.81,-10.83,101.25,12,0,7.81,ML,1609257548
14,La Santisima Trinidad,-14.83,-64.9,81.82,76,88,5.95,BO,1609257550
15,Avarua,-21.21,-159.78,73.4,100,2,3.36,CK,1609257551
16,Faya,18.39,42.45,64.4,59,0,11.41,SA,1609257552
17,Ondjiva,-17.07,15.73,78.35,58,91,5.41,AO,1609257553
18,Osório,-29.89,-50.27,85.53,54,99,6.51,BR,1609257554
19,Busselton,-33.65,115.33,70.0,43,27,1.99,AU,1609257555
20,Rikitea,-23.12,-134.97,77.47,81,100,13.27,PF,1609257556
21,Ca Mau,9.18,105.15,74.53,93,92,3.94,VN,1609257557
22,Hermanus,-34.42,19.23,72.0,60,0,8.99,ZA,1609257558
23,Ushuaia,-54.8,-68.3,51.8,66,75,10.29,AR,1609257559
24,Punta Arenas,-53.15,-70.92,55.4,49,0,18.34,CL,1609257560
25,Beringovskiy,63.05,179.32,26.64,98,100,20.92,RU,1609257562
26,Ati,13.22,18.34,88.59,15,0,6.98,TD,1609257563
27,Hithadhoo,-0.6,73.08,82.87,75,14,8.99,MV,1609257565
28,Port Keats,-14.25,129.55,80.51,83,100,4.97,AU,1609257566
29,Kon Tum,14.35,108.0,62.98,91,0,3.18,VN,1609257567
30,Yellowknife,62.46,-114.35,-4.0,76,90,3.36,CA,1609257348
31,San-Pédro,4.75,-6.64,82.42,76,54,10.49,CI,1609257569
32,Albany,42.6,-73.97,32.0,37,70,3.0,US,1609257328
33,Nikolskoye,59.7,30.79,27.0,92,90,17.9,RU,1609257571
34,Banda Aceh,5.56,95.32,78.87,82,99,9.26,ID,1609257572
35,Faanui,-16.48,-151.75,80.4,74,73,11.23,PF,1609257574
36,Umluj,25.02,37.27,76.57,61,0,6.42,SA,1609257575
37,Pisco,-13.7,-76.22,75.2,73,0,6.93,PE,1609257576
38,Qeshm,26.96,56.27,68.0,29,0,6.93,IR,1609257434
39,Tuktoyaktuk,69.45,-133.04,-2.2,84,75,6.93,CA,1609257578
40,Hobart,-42.88,147.33,55.4,87,0,8.05,AU,1609257385
41,Port Alfred,-33.59,26.89,75.0,83,59,5.99,ZA,1609257580
42,Ilulissat,69.22,-51.1,17.6,67,40,26.4,GL,1609257581
43,Aripuanã,-9.17,-60.63,80.94,68,99,2.66,BR,1609257479
44,Qaanaaq,77.48,-69.36,18.66,89,99,8.03,GL,1609257583
45,Ossora,59.24,163.07,7.27,94,100,8.68,RU,1609257585
46,Coro,11.4,-69.67,83.05,56,83,8.48,VE,1609257586
47,Dikson,73.51,80.55,-23.33,82,0,6.33,RU,1609257587
48,Cape Town,-33.93,18.42,71.6,49,20,18.34,ZA,1609257588
49,Peniche,39.36,-9.38,55.99,73,18,15.01,PT,1609257589
50,Oranjestad,12.52,-70.03,86.0,55,20,13.87,AW,1609257505
51,Haines Junction,60.75,-137.51,20.64,94,100,0.98,CA,1609257591
52,Maryville,35.76,-83.97,41.0,86,20,9.17,US,1609257592
53,Salalah,17.02,54.09,75.2,53,0,3.36,OM,1609257593
54,New Norfolk,-42.78,147.06,51.01,66,0,2.33,AU,1609257594
55,Amnat Charoen,15.92,104.75,73.51,66,75,13.09,TH,1609257596
56,Kargil,34.57,76.1,-0.74,80,46,2.75,IN,1609257598
57,Labuhan,-6.88,112.21,75.78,92,100,11.83,ID,1609257599
58,Chokwé,-24.53,32.98,94.75,34,79,9.31,MZ,1609257600
59,Esmeraldas,-19.76,-44.31,80.6,50,40,8.05,BR,1609257603
60,Tupik,54.43,119.93,-17.03,82,100,3.53,RU,1609257605
61,Yurimaguas,-5.9,-76.08,84.2,66,40,3.36,PE,1609257607
62,Port Hedland,-20.32,118.57,86.0,79,75,13.87,AU,1609257608
63,Soma,39.19,27.61,60.8,62,40,10.29,TR,1609257388
64,Cayenne,4.93,-52.33,84.2,74,75,13.87,GF,1609257606
65,Mataura,-46.19,168.86,55.99,93,100,1.01,NZ,1609257612
66,Cobija,-11.03,-68.77,79.66,90,75,4.05,BO,1609257614
67,Chkalovskoye,44.84,133.04,-8.27,86,80,8.86,RU,1609257615
68,Lincoln,40.8,-96.67,25.0,79,90,14.99,US,1609257603
69,Mahajanga,-15.72,46.32,80.6,88,40,4.7,MG,1609257618
70,Carnarvon,-24.87,113.63,77.0,94,40,12.75,AU,1609257619
71,Marshall,34.38,-86.33,48.0,75,1,6.69,US,1609257620
72,Touros,-5.2,-35.46,87.8,48,20,18.34,BR,1609257621
73,Nome,64.5,-165.41,28.4,92,75,13.87,US,1609257327
74,Vaini,-21.2,-175.2,73.4,100,75,5.82,TO,1609257623
75,Port-Gentil,-0.72,8.78,82.4,83,75,10.29,GA,1609257624
76,Atuona,-9.8,-139.03,78.35,74,13,15.23,PF,1609257626
77,Adrar,20.5,-10.07,84.38,23,85,5.5,MR,1609257627
78,Berlevåg,70.86,29.09,32.0,93,75,9.17,NO,1609257628
79,Jinka,5.65,36.65,73.56,38,0,2.66,ET,1609257630
80,Petatlán,17.52,-101.27,75.2,83,40,1.01,MX,1609257633
81,Sobolevo,54.43,31.9,32.2,97,100,18.86,RU,1609257634
82,Moose Factory,51.26,-80.61,5.0,71,1,17.22,CA,1609257635
83,Butaritari,3.07,172.79,81.66,79,42,19.48,KI,1609257636
84,Upernavik,72.79,-56.15,19.45,94,97,10.27,GL,1609257637
85,Alice Springs,-23.7,133.88,71.6,40,33,4.7,AU,1609257639
86,Hong Kong,22.29,114.16,68.0,88,2,4.0,HK,1609257407
87,Virklund,56.13,9.56,37.4,100,90,3.36,DK,1609257641
88,Ponta do Sol,32.67,-17.1,60.8,77,75,8.05,PT,1609257642
89,Bluff,-46.6,168.33,55.99,93,100,1.01,NZ,1609257643
90,Hūn,29.13,15.95,64.04,27,0,7.16,LY,1609257645
91,Thompson,55.74,-97.86,15.8,85,90,6.93,CA,1609257472
92,Gilgit,35.92,74.31,27.05,62,0,2.8,PK,1609257647
93,Atikokan,48.76,-91.62,5.23,90,53,8.05,CA,1609257648
94,Buraidah,26.33,43.98,66.2,68,75,9.17,SA,1609257650
95,Susanville,40.42,-120.65,19.4,85,1,3.15,US,1609257516
96,Arraial do Cabo,-22.97,-42.03,86.0,58,0,13.87,BR,1609257609
97,Port Elizabeth,-33.92,25.57,71.6,83,75,18.34,ZA,1609257653
98,Te Anau,-45.42,167.72,49.03,85,100,0.81,NZ,1609257654
99,Vestmanna,62.16,-7.17,32.0,92,98,25.28,FO,1609257655
100,Vermillion,42.78,-96.93,23.0,92,90,11.41,US,1609257656
101,Bida,9.08,6.02,98.76,15,73,1.28,NG,1609257658
102,Coyhaique,-45.58,-72.07,57.2,93,90,11.41,CL,1609257659
103,Khatanga,71.97,102.5,-32.19,84,78,10.13,RU,1609257660
104,Jamestown,42.1,-79.24,26.01,73,90,17.22,US,1609257661
105,San Patricio,28.02,-97.52,73.99,78,20,13.87,US,1609257662
106,Cherskiy,68.75,161.3,-35.73,82,86,3.74,RU,1609257663
107,Leningradskiy,69.38,178.42,-7.4,89,100,0.72,RU,1609257664
108,Bambous Virieux,-20.34,57.76,77.0,88,75,10.29,MU,1609257666
109,Port Hardy,50.7,-127.42,42.8,93,90,8.05,CA,1609257667
110,Coquimbo,-29.95,-71.34,68.0,64,20,10.29,CL,1609257589
111,Severo-Yeniseyskiy,60.37,93.04,-26.21,84,56,3.6,RU,1609257669
112,Pacific Grove,36.62,-121.92,39.2,93,1,4.7,US,1609257614
113,Maracaju,-21.61,-55.17,90.36,50,29,9.33,BR,1609257672
114,Manadhoo,5.77,73.38,81.86,77,73,10.92,MV,1609257673
115,Nabire,-3.37,135.48,75.43,87,100,7.9,ID,1609257674
116,Nelson Bay,-32.72,152.15,66.99,93,90,4.7,AU,1609257675
117,Balaipungut,1.05,101.28,77.0,88,40,1.77,ID,1609257677
118,Mar del Plata,-38.0,-57.56,75.2,78,40,10.29,AR,1609257645
119,Saskylakh,71.92,114.08,-21.5,86,99,15.86,RU,1609257679
120,Lavrentiya,65.58,-171.0,18.43,96,99,13.47,RU,1609257680
121,Pūranpur,28.52,80.15,53.62,42,0,7.0,IN,1609257681
122,Marrakesh,31.63,-8.01,62.6,48,20,3.36,MA,1609257549
123,Saldanha,-33.01,17.94,71.6,46,0,11.41,ZA,1609257684
124,Manokwari,-0.87,134.08,80.17,79,100,5.84,ID,1609257685
125,Shaoguan,24.8,113.58,48.92,59,94,9.04,CN,1609257687
126,Barrow,71.29,-156.79,-2.2,77,90,16.11,US,1609257688
127,George Town,5.41,100.34,82.99,83,20,5.82,MY,1609257487
128,Batken,39.83,71.0,12.4,76,90,7.02,KG,1609257424
129,Mount Isa,-20.73,139.5,80.6,65,40,6.93,AU,1609257654
130,Atar,20.52,-13.05,87.8,20,10,9.17,MR,1609257693
131,Kulhudhuffushi,6.62,73.07,81.86,75,60,10.98,MV,1609257694
132,Kavieng,-2.57,150.8,83.93,64,94,5.46,PG,1609257696
133,Itarema,-2.92,-39.92,88.83,53,46,18.72,BR,1609257697
134,Balsthal,47.32,7.69,39.2,93,75,12.75,CH,1609257698
135,Norman Wells,65.28,-126.83,-13.0,75,40,1.79,CA,1609257700
136,Bethel,41.37,-73.41,35.6,31,1,13.87,US,1609257658
137,Ketchikan,55.34,-131.65,39.2,64,90,23.04,US,1609257703
138,Riyadh,24.69,46.72,57.2,76,0,3.36,SA,1609257445
139,Torbay,47.67,-52.73,36.0,87,75,14.99,CA,1609257707
140,Lumphat,13.49,106.98,73.76,73,5,5.44,KH,1609257708
141,Dingle,11.0,122.67,75.97,88,68,4.25,PH,1609257709
142,Flinders,-34.58,150.86,64.99,91,99,1.99,AU,1609257710
143,Malbork,54.04,19.03,37.99,100,100,15.95,PL,1609257711
144,Hilo,19.73,-155.09,66.0,63,1,5.82,US,1609257712
145,Genhe,50.78,121.52,-23.1,83,0,3.89,CN,1609257713
146,Saint-François,46.42,3.91,44.6,65,0,5.82,FR,1609257714
147,Zeya,53.75,127.27,-18.2,81,0,2.93,RU,1609257716
148,Saint Paul Harbor,57.79,-152.41,37.4,93,90,18.34,US,1609257717
149,Fairlie,55.76,-4.86,37.0,89,33,10.96,GB,1609257719
150,Viedma,-40.81,-63.0,101.35,10,0,18.97,AR,1609257720
151,Kapaa,22.08,-159.32,66.2,93,1,6.93,US,1609257721
152,La Macarena,2.18,-73.78,87.66,51,0,5.06,CO,1609257722
153,Nadvoitsy,63.87,34.32,19.99,95,100,13.56,RU,1609257723
154,Quatre Cocos,-20.21,57.76,77.0,88,75,10.29,MU,1609257724
155,Khāsh,28.22,61.22,42.33,51,0,5.93,IR,1609257511
156,Dunedin,-45.87,170.5,55.0,83,100,8.01,NZ,1609257623
157,Mahébourg,-20.41,57.7,77.0,88,75,10.29,MU,1609257728
158,Puerto Madero,14.72,-92.42,82.4,69,20,2.24,MX,1609257729
159,Kautokeino,69.01,23.04,26.02,97,100,11.56,NO,1609257730
160,Byron Bay,-28.65,153.62,69.8,94,75,6.93,AU,1609257484
161,Arrondissement d'Ajaccio,42.0,8.92,51.8,87,100,3.36,FR,1609257733
162,College,64.86,-147.8,9.0,78,40,3.36,US,1609257735
163,Ahipara,-35.17,173.17,58.14,80,64,7.72,NZ,1609257736
164,Kiryat Gat,31.61,34.76,64.0,45,0,4.45,IL,1609257737
165,Kaitangata,-46.28,169.85,53.01,89,99,1.99,NZ,1609257739
166,Celestún,20.87,-90.4,73.65,64,1,7.9,MX,1609257740
167,Soloneshnoye,51.65,84.32,12.07,85,100,2.55,RU,1609257741
168,Agüimes,27.91,-15.45,69.01,64,40,12.75,ES,1609257742
169,Katsuura,35.13,140.3,60.01,62,75,10.29,JP,1609257743
170,Oistins,13.07,-59.53,86.0,70,40,9.17,BB,1609257744
171,Gravdal,68.12,13.5,39.2,55,20,13.87,NO,1609257745
172,Orangeburg,33.49,-80.86,57.0,66,1,9.17,US,1609257746
173,Sirāthu,25.65,81.32,57.61,51,0,7.16,IN,1609257748
174,Mayor Pablo Lagerenza,-19.93,-60.77,92.39,44,100,7.81,PY,1609257749
175,Esmeralda,21.85,-78.12,75.2,60,20,20.8,CU,1609257750
176,Matagami,49.75,-77.63,3.2,77,90,11.41,CA,1609257453
177,Djibouti,11.5,42.5,77.0,78,90,8.05,DJ,1609257752
178,Talnakh,69.49,88.4,-18.4,75,0,4.47,RU,1609257753
179,Ostashkov,57.15,33.11,23.74,96,100,14.76,RU,1609257754
180,Mounana,-1.41,13.16,77.0,94,75,2.24,GA,1609257755
181,Bilibino,68.05,166.44,-17.86,82,100,1.39,RU,1609257756
182,Yantzaza,-3.83,-78.76,73.4,60,40,2.24,EC,1609257757
183,Sinnamary,5.38,-52.95,84.4,68,20,8.75,GF,1609257759
184,San Jerónimo,-11.95,-75.28,57.92,55,99,2.48,PE,1609257760
185,Chapais,49.78,-74.85,-2.2,84,75,9.17,CA,1609257761
186,Havøysund,71.0,24.66,33.8,74,0,24.16,NO,1609257762
187,Ouégoa,-20.35,164.43,79.23,80,34,13.42,NC,1609257763
188,Jutaí,-5.18,-68.9,73.29,95,100,1.66,BR,1609257764
189,Tromsø,69.65,18.96,37.4,64,0,50.55,NO,1609257765
190,Ubari,26.59,12.78,63.37,27,68,1.72,LY,1609257766
191,East London,-33.02,27.91,69.8,88,75,13.87,ZA,1609257769
192,Yabēlo,4.88,38.08,70.65,43,1,11.32,ET,1609257770
193,Jumla,29.27,82.18,33.89,59,0,5.73,NP,1609257771
194,Boyolangu,-8.12,111.89,76.08,88,100,3.13,ID,1609257772
195,Ancud,-41.87,-73.82,60.8,72,75,8.05,CL,1609257501
196,Iqaluit,63.75,-68.51,5.0,60,75,14.99,CA,1609257612
197,Skibbereen,51.55,-9.27,41.0,69,20,25.28,IE,1609257775
198,Lüderitz,-26.65,15.16,71.6,49,96,26.4,NA,1609257776
199,Nhlangano,-27.12,31.2,84.85,44,0,7.9,SZ,1609257778
200,Ostrovnoy,68.05,39.51,19.71,95,100,15.95,RU,1609257779
201,Saint George,37.1,-113.58,36.0,86,40,4.7,US,1609257507
202,Chui,-33.7,-53.46,81.61,48,28,6.55,UY,1609257781
203,Mount Gambier,-37.83,140.77,57.2,87,90,6.93,AU,1609257569
204,Hasaki,35.73,140.83,41.0,93,75,2.24,JP,1609257787
205,Karratha,-20.74,116.85,84.09,70,2,13.76,AU,1609257788
206,Campina Grande do Sul,-25.31,-49.06,87.01,46,30,1.59,BR,1609257789
207,Kaeo,-35.1,173.78,54.0,82,23,4.0,NZ,1609257790
208,Lázaro Cárdenas,17.96,-102.2,78.24,57,0,2.75,MX,1609257791
209,Mastic Beach,40.77,-72.85,39.2,32,1,20.8,US,1609257792
210,Provideniya,64.38,-173.3,18.93,95,99,20.09,RU,1609257793
211,Bonthe,7.53,-12.51,87.75,54,0,11.03,SL,1609257794
212,Phan Thiet,10.93,108.1,75.2,84,100,1.9,VN,1609257795
213,Meulaboh,4.14,96.13,77.52,87,99,3.69,ID,1609257797
214,Coos Bay,43.37,-124.22,37.0,86,1,9.17,US,1609257798
215,Shimoda,34.67,138.95,48.0,77,47,1.99,JP,1609257799
216,Le Port,-20.94,55.29,77.0,69,53,16.11,RE,1609257800
217,Stege,54.99,12.28,39.0,90,100,5.01,DK,1609257801
218,Longyearbyen,78.22,15.64,33.8,74,75,12.75,SJ,1609257694
219,Alexandria,31.22,29.96,66.2,68,20,5.82,EG,1609257803
220,Hualmay,-11.1,-77.61,73.89,73,76,9.42,PE,1609257685
221,Tasiilaq,65.61,-37.64,23.0,92,40,3.36,GL,1609257807
222,Kununurra,-15.77,128.73,80.6,94,75,15.77,AU,1609257808
223,Onguday,50.75,86.15,3.74,81,64,3.51,RU,1609257809
224,Saint-Joseph,-21.37,55.62,79.0,65,75,21.92,RE,1609257810
225,Shimsk,58.21,30.71,29.05,98,100,15.61,RU,1609257811
226,Narsaq,60.92,-46.05,16.75,86,75,5.75,GL,1609257812
227,Vila Velha,-20.33,-40.29,86.0,62,20,13.87,BR,1609257813
228,Tsimmerbude,54.67,20.13,41.0,93,75,8.95,RU,1609257814
229,Şabyā,17.15,42.63,80.6,69,0,6.93,SA,1609257815
230,Hambantota,6.12,81.12,77.0,100,20,3.36,LK,1609257816
231,Mbandaka,0.05,18.26,80.94,77,99,4.21,CD,1609257817
232,Bonavista,48.65,-53.11,32.0,86,95,5.82,CA,1609257819
233,Bengkulu,-3.8,102.27,77.14,81,97,3.74,ID,1609257664
234,Pevek,69.7,170.31,-14.1,87,100,4.23,RU,1609257822
235,Bubaque,11.28,-15.83,82.0,54,0,9.86,GW,1609257824
236,Mehamn,71.04,27.85,32.0,95,75,9.17,NO,1609257825
237,Lompoc,34.64,-120.46,42.8,93,40,7.27,US,1609257650
238,Goderich,43.75,-81.72,24.8,62,28,9.17,CA,1609257828
239,Tuatapere,-46.13,167.68,55.99,93,100,1.01,NZ,1609257831
240,Tabou,4.42,-7.35,82.81,74,85,9.08,CI,1609257832
241,Tura,25.52,90.22,58.84,74,0,3.47,IN,1609257833
242,Laas,46.62,10.7,32.0,79,75,4.7,IT,1609257834
243,Chopda,21.25,75.3,69.84,41,3,8.93,IN,1609257835
244,Jardim,-21.48,-56.14,98.15,35,44,6.24,BR,1609257836
245,Tomatlán,19.93,-105.25,74.39,54,0,0.56,MX,1609257838
246,Storsteinnes,69.24,19.23,37.4,64,75,28.86,NO,1609257839
247,Muisne,0.6,-80.03,84.2,66,40,9.17,EC,1609257841
248,Carlsbad,33.16,-117.35,48.0,100,1,4.7,US,1609257571
249,Deputatsky,69.3,139.9,-29.2,86,16,3.11,RU,1609257843
250,Yuci,37.68,112.73,8.6,18,0,15.66,CN,1609257844
251,Esperance,-33.87,121.9,64.4,63,93,12.75,AU,1609257845
252,Srednekolymsk,67.45,153.68,-38.67,82,69,1.74,RU,1609257846
253,Stejaru,44.77,28.55,52.0,93,0,8.05,RO,1609257847
254,Cap Malheureux,-19.98,57.61,77.0,81,41,5.99,MU,1609257849
255,Kansanshi,-12.1,26.43,67.93,95,97,3.78,ZM,1609257850
256,Natal,-5.79,-35.21,89.6,40,20,17.22,BR,1609257838
257,Yaan,7.38,8.57,97.79,14,78,4.72,NG,1609257854
258,Ipixuna,-1.76,-48.8,91.4,55,40,10.29,BR,1609257855
259,Chitral,35.85,71.79,25.32,55,0,7.43,PK,1609257686
260,Harper,4.38,-7.72,82.8,74,87,8.34,LR,1609257857
261,Amapá,1.0,-52.0,92.66,39,12,6.98,BR,1609257859
262,Soroca,48.16,28.3,46.0,86,85,6.49,MD,1609257695
263,Severo-Kuril'sk,50.68,156.12,21.09,94,89,30.6,RU,1609257862
264,Clyde River,70.47,-68.59,-2.2,84,90,9.17,CA,1609257863
265,São José da Coroa Grande,-8.9,-35.15,82.11,60,66,11.61,BR,1609257864
266,Quimper,48.0,-4.1,42.8,81,75,16.11,FR,1609257865
267,Fort Morgan,40.25,-103.8,21.2,92,1,9.17,US,1609257678
268,Loreto,22.27,-101.97,59.65,31,0,9.37,MX,1609257867
269,Xining,36.62,101.77,7.07,87,28,1.39,CN,1609257868
270,Bilma,18.69,12.92,72.5,19,0,4.05,NE,1609257869
271,Belmonte,-15.86,-38.88,82.4,61,20,11.41,BR,1609257871
272,Fes,34.04,-5.0,48.2,100,75,11.41,MA,1609257872
273,Codrington,-38.27,141.97,52.65,92,21,2.1,AU,1609257874
274,Kenai,60.55,-151.26,30.99,86,1,13.87,US,1609257875
275,Hofn,64.25,-15.21,24.84,87,0,15.26,IS,1609257876
276,Buala,-8.14,159.59,80.06,80,100,9.22,SB,1609257877
277,Mossamedes,-15.2,12.15,75.56,73,98,12.24,AO,1609257879
278,Praia,14.92,-23.51,75.2,73,75,13.87,CV,1609257604
279,Hay River,60.82,-115.8,-9.4,76,68,2.24,CA,1609257884
280,Minsk,53.9,27.57,33.8,93,90,24.61,BY,1609257815
281,Chute-aux-Outardes,49.12,-68.4,17.6,67,40,14.99,CA,1609257886
282,Nikel,69.41,30.22,24.8,85,75,10.29,RU,1609257887
283,Anyama,5.49,-4.05,86.0,79,20,9.17,CI,1609257888
284,Matadi,-5.82,13.45,86.07,69,99,4.41,CD,1609257890
285,Tonantins,-2.87,-67.8,84.24,69,98,1.81,BR,1609257891
286,Tiksi,71.69,128.87,-4.52,91,100,7.52,RU,1609257892
287,Oranjemund,-28.55,16.43,65.32,71,88,15.41,NA,1609257895
288,Monte Patria,-30.69,-70.95,80.35,33,0,8.37,CL,1609257896
289,Fortuna,40.6,-124.16,33.8,100,1,9.17,US,1609257897
290,Zyryanka,65.75,150.85,-32.08,83,99,11.7,RU,1609257898
291,Neiafu,-18.65,-173.98,71.6,100,40,9.28,TO,1609257899
292,Honiara,-9.43,159.95,75.2,94,20,2.24,SB,1609257900
293,Semnan,35.57,53.4,38.59,68,86,0.31,IR,1609257902
294,Aksu,41.12,80.26,18.23,90,22,3.0,CN,1609257903
295,Vila Franca do Campo,37.72,-25.43,57.2,71,20,12.75,PT,1609257904
296,Inhambane,-23.86,35.38,84.2,79,40,16.11,MZ,1609257906
297,Twentynine Palms,34.14,-116.05,44.01,86,20,11.41,US,1609257636
298,Nālūt,30.33,10.85,58.69,32,0,6.67,LY,1609257908
299,Manavālakurichi,8.13,77.3,84.2,62,20,6.04,IN,1609257909
300,Zboriv,49.66,25.14,41.34,72,0,7.02,UA,1609257910
301,Murgab,37.5,61.97,28.4,86,0,6.93,TM,1609257911
302,Province of Mantua,45.17,10.78,39.99,94,100,5.99,IT,1609257912
303,Lebu,-37.62,-73.65,59.23,91,84,6.22,CL,1609257913
304,Daru,-9.08,143.21,77.92,83,100,4.63,PG,1609257858
305,Wana,32.3,69.57,38.88,57,0,1.54,PK,1609257746
306,Tshikapa,-6.42,20.8,73.81,91,99,4.18,CD,1609257917
307,Necochea,-38.55,-58.74,89.01,54,8,9.31,AR,1609257918
308,Bahía Solano,6.23,-77.4,79.72,78,99,4.09,CO,1609257919
309,São Filipe,14.9,-24.5,75.29,79,100,10.31,CV,1609257920
310,Kalmunai,7.42,81.82,78.49,77,11,2.04,LK,1609257922
311,Qaqortoq,60.72,-46.03,18.01,92,72,6.42,GL,1609257923
312,Pangnirtung,66.15,-65.71,12.2,78,90,14.99,CA,1609257924
313,Fort Nelson,58.81,-122.7,1.4,84,20,5.82,CA,1609257926
314,Ankazoabo,-22.28,44.52,82.62,52,94,0.58,MG,1609257927
315,Petropavlovsk-Kamchatskiy,53.05,158.65,1.4,77,90,4.47,RU,1609257928
316,Burnie,-41.07,145.92,55.0,85,13,5.01,AU,1609257929
317,Sioux Lookout,50.1,-91.92,-0.4,84,40,6.93,CA,1609257635
318,Strezhevoy,60.73,77.59,-4.0,76,100,8.95,RU,1609257932
319,Iquique,-20.22,-70.14,75.2,50,0,20.8,CL,1609257933
320,Tayoltita,24.08,-105.93,72.03,22,0,1.86,MX,1609257934
321,Ibrā’,22.69,58.53,56.75,47,0,2.55,OM,1609257937
322,Pontianak,-0.03,109.33,77.13,90,100,5.21,ID,1609257939
323,Mlonggo,-6.53,110.7,77.23,88,100,4.74,ID,1609257940
324,Sakakah,29.97,40.21,55.4,58,0,6.93,SA,1609257941
325,São João da Barra,-21.64,-41.05,86.0,51,0,18.34,BR,1609257711
326,Arman',59.7,150.17,-4.63,79,100,12.93,RU,1609257943
327,Klaksvík,62.23,-6.59,32.0,91,100,25.28,FO,1609257944
328,Rocha,-34.48,-54.33,90.61,29,0,5.57,UY,1609257948
329,Ocampo,21.65,-101.5,59.2,33,0,6.6,MX,1609257949
330,Anadyr,64.75,177.48,14.0,85,75,13.42,RU,1609257950
331,Rio Grande,-32.03,-52.1,82.99,74,75,13.87,BR,1609257951
332,Columbia,34.0,-81.03,51.8,76,1,5.82,US,1609257952
333,Alofi,-19.06,-169.92,73.4,94,100,1.12,NU,1609257953
334,Makakilo City,21.35,-158.09,66.2,88,40,4.7,US,1609257954
335,Yining,29.04,114.56,34.27,90,88,4.34,CN,1609257955
336,Souillac,-20.52,57.52,77.0,88,75,10.29,MU,1609257956
337,Kumul,42.8,93.45,15.13,64,0,4.79,CN,1609257960
338,Huarmey,-10.07,-78.15,74.82,70,78,10.49,PE,1609257961
339,El Playón,7.47,-73.2,71.6,83,40,3.36,CO,1609257962
340,Jalingo,8.88,11.37,95.95,15,59,9.01,NG,1609257963
341,Mumbai,19.01,72.85,77.0,61,0,3.36,IN,1609257797
342,Caruray,10.31,119.01,80.6,88,40,4.7,PH,1609257965
343,Saint-Augustin,51.23,-58.65,30.07,98,100,15.03,CA,1609257966
344,Capreol,46.71,-80.92,12.99,84,5,5.82,CA,1609257968
345,Shingū,33.73,135.98,53.42,79,100,3.36,JP,1609257969
346,Nueva Guinea,11.69,-84.46,76.28,80,61,14.14,NI,1609257970
347,Nueve de Julio,-35.44,-60.88,95.0,41,0,1.01,AR,1609257971
348,Havelock,34.88,-76.9,52.0,70,1,13.87,US,1609257972
349,El Ángel,0.62,-77.93,59.0,72,75,2.24,EC,1609257973
350,Sørland,67.67,12.69,41.0,75,0,27.51,NO,1609257974
351,Aksarka,66.56,67.8,-14.31,89,98,10.29,RU,1609257975
352,Constitución,-35.33,-72.42,66.51,58,6,12.46,CL,1609257976
353,Marawi,8.0,124.29,73.99,92,82,5.01,PH,1609257977
354,Puerto El Triunfo,13.28,-88.55,84.2,64,0,2.24,SV,1609257979
355,Warah,27.45,67.8,54.86,40,15,6.24,PK,1609257980
356,Arcata,40.87,-124.08,37.0,66,1,5.82,US,1609257981
357,Mendi,-6.18,143.65,55.65,100,100,2.19,PG,1609257983
358,Port Augusta,-32.5,137.77,64.4,82,40,12.75,AU,1609257985
359,Placer,39.07,-120.77,37.99,76,0,7.81,US,1609257986
360,Paamiut,61.99,-49.67,27.39,93,100,24.61,GL,1609257987
361,Atasū,48.68,71.64,5.49,94,100,7.92,KZ,1609257988
362,Dehlorān,32.69,47.27,59.05,48,6,4.81,IR,1609257990
363,Troitsko-Pechorsk,62.71,56.2,-20.69,87,63,3.11,RU,1609257991
364,Nemuro,43.32,145.57,23.16,91,100,9.24,JP,1609257992
365,Otavi,-19.65,17.33,75.22,66,95,6.98,NA,1609257993
366,Balad,34.02,44.15,57.27,37,0,4.09,IQ,1609257967
367,Chabahar,25.29,60.64,68.49,32,0,2.98,IR,1609257995
368,Kefamenanu,-9.45,124.48,73.47,87,100,1.61,ID,1609257996
369,Baculin,7.45,126.58,77.54,76,57,6.17,PH,1609257997
370,Luganville,-15.53,167.17,75.2,100,40,3.47,VU,1609257998
371,Port Macquarie,-31.43,152.92,68.0,100,90,5.82,AU,1609257999
372,Sapele,5.89,5.68,93.13,34,97,1.88,NG,1609258002
373,Tual,-5.67,132.75,84.24,75,100,10.8,ID,1609258003
374,Winnemucca,40.97,-117.74,6.8,71,1,5.82,US,1609257915
375,Bulgan,48.81,103.53,-13.22,77,0,3.96,MN,1609258005
376,Conde,-7.26,-34.91,87.8,52,40,17.22,BR,1609258007
377,Maumere,-8.62,122.21,80.69,80,91,5.55,ID,1609258008
378,Gīdolē,5.65,37.37,68.79,45,31,1.54,ET,1609258009
379,Illela,13.73,5.3,88.93,12,7,7.09,NG,1609258011
380,Rawson,-43.3,-65.1,80.04,32,0,4.27,AR,1609258012
381,Ballymena,54.86,-6.28,41.0,93,75,9.17,GB,1609258013
382,Kostomuksha,64.57,30.58,23.47,94,100,8.46,RU,1609258014
383,Khasan,42.43,130.64,6.53,78,22,23.09,RU,1609258015
384,Cabedelo,-6.98,-34.83,87.8,52,40,17.22,BR,1609258016
385,Vestmannaeyjar,63.44,-20.27,31.26,89,76,13.82,IS,1609258017
386,Nsanje,-16.92,35.26,87.31,56,100,4.25,MW,1609258018
387,Gaur,26.77,85.27,60.51,50,0,5.17,NP,1609258020
388,Kuril'sk,45.23,147.88,18.66,89,100,11.74,RU,1609258022
389,Ürümqi,43.8,87.6,-4.0,83,18,2.24,CN,1609258023
390,Redcar,54.62,-1.06,37.99,86,20,13.87,GB,1609258024
391,Bandarbeyla,9.49,50.81,75.07,81,74,24.9,SO,1609258025
392,Ranau,5.95,116.66,78.8,94,40,1.21,MY,1609258026
393,Churapcha,62.0,132.43,-51.18,76,53,1.05,RU,1609258027
394,Port Blair,11.67,92.75,79.93,84,40,9.73,IN,1609258018
395,Daudnagar,25.03,84.4,55.4,82,0,3.94,IN,1609258030
396,Maiduguri,11.85,13.16,88.56,15,7,10.94,NG,1609258031
397,Tanout,14.97,8.89,80.96,15,67,9.33,NE,1609258032
398,Avera,33.19,-82.53,55.4,71,1,4.7,US,1609258033
399,Fuerte,17.54,120.36,79.25,85,100,15.03,PH,1609258034
400,Bambanglipuro,-7.95,110.28,76.98,87,100,3.38,ID,1609258035
401,Arrondissement de Bergerac,44.83,0.5,43.0,87,91,14.99,FR,1609258036
402,Baker City,44.77,-117.83,19.99,71,1,1.14,US,1609257875
403,Bintulu,3.17,113.03,77.0,100,40,3.36,MY,1609258038
404,Agadez,19.75,10.25,70.11,21,2,4.18,NE,1609257778
405,Blagoyevo,63.37,47.92,-0.45,91,79,4.05,RU,1609258041
406,Nurobod,40.91,69.8,30.2,86,75,4.03,UZ,1609258042
407,Geraldton,-28.77,114.6,71.6,94,75,8.05,AU,1609258043
408,Panama City,8.99,-79.52,86.0,83,20,5.82,PA,1609257862
409,Fowa,8.92,6.4,98.73,16,53,1.07,NG,1609258045
410,Wanning,18.8,110.4,70.63,90,74,7.99,CN,1609258046
411,Isla Aguada,18.78,-91.47,71.6,73,75,6.93,MX,1609258047
412,Boali,4.8,18.13,91.4,38,83,3.36,CF,1609258048
413,San Cristobal,7.77,-72.22,80.6,69,40,9.17,VE,1609258049
414,Sisimiut,66.94,-53.67,20.37,91,100,16.49,GL,1609258050
415,Shwebo,22.57,95.7,63.91,65,0,4.12,MM,1609258052
416,Bouza,14.42,6.04,85.35,13,0,7.2,NE,1609258053
417,Belaya Gora,68.53,146.42,-36.62,83,17,2.51,RU,1609258054
418,Tlacotepec (San Mateo),20.07,-97.87,63.0,45,0,3.78,MX,1609258056
419,Vao,-22.67,167.48,77.23,78,57,21.14,NC,1609258057
420,Maragogi,-9.01,-35.22,81.93,59,53,11.65,BR,1609258058
421,Penha,-26.77,-48.65,78.8,83,40,12.75,BR,1609258021
422,Fairbanks,64.84,-147.72,9.0,84,40,1.12,US,1609258060
423,Bodden Town,19.28,-81.25,79.0,69,40,18.34,KY,1609258061
424,Airai,-8.93,125.41,62.24,100,100,0.47,TL,1609258062
425,Soyo,-6.13,12.37,81.0,76,50,10.92,AO,1609258063
426,Macusani,-14.08,-70.43,44.58,75,99,6.29,PE,1609258065
427,Kupang,-10.17,123.58,80.24,78,94,4.27,ID,1609258066
428,Ishinomaki,38.42,141.3,41.76,82,100,5.08,JP,1609258067
429,Kekri,25.97,75.15,45.99,55,0,2.8,IN,1609258068
430,Paracuru,-3.41,-39.03,87.8,55,20,20.8,BR,1609258069
431,Mayya,61.73,130.28,-50.8,56,90,1.43,RU,1609258071
432,Toamasina,-18.17,49.38,78.35,85,100,3.67,MG,1609257783
433,Sayyan,15.17,44.32,52.93,43,0,3.4,YE,1609258073
434,Pimentel,-6.84,-79.93,77.0,61,40,11.41,PE,1609258074
435,Beira,-19.84,34.84,87.8,70,75,14.99,MZ,1609258076
436,Monrovia,6.3,-10.8,89.6,66,75,6.93,LR,1609258038
437,Presidente Epitácio,-21.76,-52.12,91.87,45,2,8.46,BR,1609258078
438,Prince Rupert,54.32,-130.32,42.8,64,90,9.17,CA,1609257791
439,Granada,37.19,-3.61,44.6,87,75,5.82,ES,1609257925
440,Okakarara,-20.58,17.43,87.04,34,100,5.61,NA,1609258082
441,Sitka,57.05,-135.33,44.6,56,90,20.8,US,1609258083
442,Iralaya,15.0,-83.23,78.53,83,98,15.28,HN,1609258084
443,Carauari,-4.88,-66.9,86.7,60,93,2.59,BR,1609258086
444,Puerto Baquerizo Moreno,-0.9,-89.6,75.2,88,75,17.22,EC,1609258087
445,Okhotsk,59.38,143.3,-19.64,76,93,14.29,RU,1609258088
446,Massakory,13.0,15.73,89.06,12,5,7.74,TD,1609258089
447,Senador José Porfírio,-2.59,-51.95,85.39,67,100,3.09,BR,1609258090
448,Huaicheng,23.91,112.19,51.49,55,84,8.39,CN,1609258091
449,Yeppoon,-23.13,150.73,69.8,94,90,8.05,AU,1609257998
450,Waingapu,-9.66,120.26,78.64,75,98,5.61,ID,1609258093
451,Chul'man,56.85,124.91,-19.37,83,100,13.47,RU,1609258094
452,Aksha,50.28,113.29,-10.75,78,0,11.01,RU,1609258095
453,Payson,40.04,-111.73,24.01,78,40,3.36,US,1609258097
454,Avigliana,45.08,7.4,39.99,86,20,3.36,IT,1609258098
455,Turukhansk,65.82,87.98,-21.19,79,96,13.69,RU,1609258099
456,Henties Bay,-22.12,14.28,68.0,80,72,13.89,NA,1609258100
457,Porto Velho,-8.76,-63.9,84.2,66,75,4.7,BR,1609258005
458,Yerbogachën,61.28,108.01,-23.94,83,8,7.87,RU,1609258102
459,Ulladulla,-35.35,150.47,61.0,100,90,8.05,AU,1609258103
460,Yangi Marg`ilon,40.43,71.72,28.4,86,88,4.7,UZ,1609258104
461,St. George's,12.06,-61.75,86.0,70,20,13.87,GD,1609258106
462,Ta Khmau,11.48,104.95,84.2,66,40,2.24,KH,1609258108
463,Calvinia,-31.47,19.78,76.05,22,66,16.49,ZA,1609258109
464,Tateyama,34.98,139.87,60.01,56,73,5.01,JP,1609258110
465,Antalaha,-14.9,50.28,77.38,88,100,4.94,MG,1609258111
466,Don Luan,11.53,106.92,73.4,89,100,3.22,VN,1609257927
467,Ramacca,37.39,14.69,62.6,100,40,5.82,IT,1609258113
468,Cockburn Town,21.46,-71.14,78.8,61,40,11.41,TC,1609258114
469,Nushki,29.55,66.02,39.06,58,12,2.42,PK,1609258115
470,Paso de los Toros,-32.82,-56.52,91.4,49,40,11.41,UY,1609258116
471,Tessalit,20.2,1.01,82.96,15,23,8.79,ML,1609258117
472,Kwinana,-32.25,115.77,86.0,17,0,14.99,AU,1609258119
473,Cabo San Lucas,22.89,-109.91,70.0,82,5,11.41,MX,1609257931
474,Uulu,58.28,24.58,35.01,81,100,10.0,EE,1609258122
475,Sicuani,-14.27,-71.23,56.39,57,88,4.36,PE,1609258123
476,Staraya Kulatka,52.72,47.62,-0.22,93,32,2.73,RU,1609258124
477,Pithāpuram,17.12,82.27,77.0,65,0,9.17,IN,1609258125
478,Rochegda,62.8,43.25,4.62,93,100,7.07,RU,1609258126
479,Nshamba,-1.8,31.55,78.8,65,0,6.93,TZ,1609258127
480,San Quintín,30.48,-115.95,56.34,67,57,3.85,MX,1609258129
481,João Câmara,-5.54,-35.82,87.8,48,20,18.34,BR,1609258130
482,Iquitos,-3.75,-73.25,78.8,83,75,2.24,PE,1609258131
483,São Cristóvão,-11.01,-37.21,84.2,54,20,11.41,BR,1609258132
484,Ballarat,-37.57,143.85,59.0,81,34,1.01,AU,1609258133
485,Urgut,39.4,67.24,23.0,85,0,6.93,UZ,1609258134
486,Chokurdakh,70.63,147.92,-38.76,83,46,5.77,RU,1609258135
487,Emerald,-23.53,148.17,69.8,100,90,10.29,AU,1609258136
488,Praia,14.92,-23.51,75.2,73,75,13.87,CV,1609258137
489,Poum,-20.23,164.02,80.89,79,27,19.93,NC,1609258138
490,Córdoba,-31.41,-64.18,90.0,61,20,5.82,AR,1609257877
491,Bījār,35.87,47.61,28.6,87,100,0.83,IR,1609258141
492,Kozyatyn,49.71,28.83,44.6,87,67,4.47,UA,1609258142
493,Sjenica,43.27,20.0,36.41,94,96,6.2,RS,1609258143
494,White Bear Lake,45.08,-93.01,14.0,92,90,4.7,US,1609258144
495,Olafsvik,64.89,-23.71,33.71,87,100,7.14,IS,1609258145
496,Taltal,-25.4,-70.48,70.9,60,10,8.81,CL,1609258146
497,Keetmanshoop,-26.58,18.13,91.92,25,91,11.3,NA,1609258147
498,Bathsheba,13.22,-59.52,86.0,70,40,9.17,BB,1609257954
499,Guerrero Negro,27.98,-114.06,60.01,63,10,12.95,MX,1609258149
500,Takoradze,4.88,-1.76,83.77,71,2,11.12,GH,1609258150
501,Neepawa,50.23,-99.47,5.0,92,90,5.82,CA,1609258152
502,Urazovo,50.08,38.04,32.09,97,100,13.96,RU,1609258153
503,Godfrey,38.96,-90.19,30.0,83,100,12.93,US,1609258154
504,Khuldābād,20.05,75.18,68.0,72,0,8.32,IN,1609258155
505,Cortez,37.35,-108.59,27.0,92,90,3.36,US,1609258156
506,Libenge,3.65,18.63,93.13,25,100,3.85,CD,1609258157
507,Jalu,29.03,21.55,62.15,38,67,7.85,LY,1609258158
508,Kruisfontein,-34.0,24.73,71.01,75,99,5.99,ZA,1609258159
509,Isiro,2.77,27.62,80.04,46,89,0.78,CD,1609258161
510,Galle,6.04,80.22,78.21,82,16,10.89,LK,1609258126
511,Kargopol',61.51,38.95,6.48,94,55,7.87,RU,1609258163
512,Marzuq,14.4,46.47,66.56,31,0,4.32,YE,1609258164
513,Yangambi,0.81,24.43,80.83,71,100,1.59,CD,1609258165
514,Katherine,-14.47,132.27,75.2,100,90,8.05,AU,1609258166
515,Savelugu,9.62,-0.83,97.09,9,15,3.56,GH,1609258167
516,Letterkenny,54.95,-7.73,41.0,86,75,17.22,IE,1609258168
517,Nishihara,26.18,127.76,68.0,82,75,11.61,JP,1609258169
518,Trincomalee,8.57,81.23,80.44,78,0,5.75,LK,1609258170
519,Adelaide,-34.93,138.6,59.0,77,75,5.82,AU,1609258172
520,Saint Anthony,45.02,-93.22,14.0,92,90,4.7,US,1609258087
521,Polyarny,69.2,33.45,26.6,86,75,4.47,RU,1609258175
522,Grão Mogol,-16.56,-42.89,78.39,58,85,6.49,BR,1609258176
523,Zhigansk,66.77,123.37,-4.92,87,77,21.18,RU,1609258177
524,São Raimundo das Mangabeiras,-7.02,-45.48,89.85,43,0,9.42,BR,1609258178
525,Bani Walid,31.76,13.99,58.64,34,25,6.6,LY,1609258179
526,Tamandaré,-8.76,-35.1,82.42,60,77,11.56,BR,1609258180
527,Arlit,18.74,7.39,80.92,14,7,6.87,NE,1609258181
528,Sept-Îles,50.2,-66.38,32.0,80,100,14.99,CA,1609258185
529,Santa Cruz de la Sierra,-17.8,-63.17,89.73,50,40,9.95,BO,1609257905
530,Weligama,5.97,80.42,77.9,82,17,8.95,LK,1609258187
531,Jilib,0.49,42.79,80.74,75,51,11.43,SO,1609258188
532,Broken Hill,-31.95,141.43,66.2,32,0,8.05,AU,1609258189
533,Saint-Pierre,-21.34,55.48,79.0,65,75,21.92,RE,1609258190
534,Slonim,53.09,25.32,39.49,78,82,13.06,BY,1609258191
535,Boone,39.03,-92.33,28.99,76,100,3.0,US,1609258192
536,Mwinilunga,-11.74,24.43,67.96,93,100,1.01,ZM,1609258193
537,Aki,33.5,133.9,58.73,83,99,5.77,JP,1609258194
538,Paso de Carrasco,-34.86,-56.05,84.2,69,75,9.17,UY,1609258197
539,Ust-Tsilma,65.44,52.15,-20.24,86,14,3.18,RU,1609258198
540,Port Lincoln,-34.73,135.87,60.71,81,100,10.4,AU,1609258199
541,Mrakovo,52.72,56.62,-1.43,92,62,3.44,RU,1609258200
542,Bayan,46.08,127.4,-19.79,85,43,6.4,CN,1609258201
543,Erzin,36.96,36.2,63.0,46,0,5.75,TR,1609258202
544,Zhaoyang,42.68,126.03,-3.71,72,28,8.41,CN,1609258203
545,Ørje,59.48,11.66,37.0,97,100,9.82,NO,1609258206
